{
  "name": "MJRefresh",
  "version": "3.7.3",
  "summary": "An easy way to use pull-to-refresh",
  "homepage": "https://github.com/CoderMJLee/MJRefresh",
  "license": "MIT",
  "authors": {
    "MJ Lee": "richermj123go@vip.qq.com"
  },
  "platforms": {
    "ios": "9.0"
  },
  "source": {
    "git": "https://github.com/CoderMJLee/MJRefresh.git",
    "tag": "3.7.3"
  },
  "source_files": "MJRefresh/**/*.{h,m}",
  "exclude_files": "MJRefresh/include/**",
  "resources": "MJRefresh/MJRefresh.bundle",
  "requires_arc": true
}
