{
  "name": "TKCrashNilSafe",
  "version": "1.1",
  "summary": "防止Crash奔溃问题",
  "description": "TKCrashNilSafe",
  "homepage": "https://github.com/RANSAA/TKCrashNilSafe",
  "license": "MIT",
  "authors": {
    "sayaDev": "1352892108@qq.com"
  },
  "source": {
    "git": "https://github.com/RANSAA/TKCrashNilSafe.git",
    "tag": "v1.1"
  },
  "requires_arc": true,
  "platforms": {
    "ios": "8.0",
    "osx": "10.9"
  },
  "subspecs": [
    {
      "name": "Core",
      "source_files": "TKCrashNilSafe/Core/*.{h,m}",
      "public_header_files": "TKCrashNilSafe/Core/*.h",
      "ios": {
        "frameworks": "Foundation"
      }
    },
    {
      "name": "KVC",
      "source_files": "TKCrashNilSafe/KVC/*.{h,m}",
      "public_header_files": "TKCrashNilSafe/KVC/*.h",
      "dependencies": {
        "TKCrashNilSafe/Core": [

        ]
      }
    },
    {
      "name": "KVO",
      "source_files": "TKCrashNilSafe/KVO/*.{h,m}",
      "public_header_files": "TKCrashNilSafe/KVO/*.h",
      "dependencies": {
        "TKCrashNilSafe/Core": [

        ]
      }
    },
    {
      "name": "NSArray",
      "source_files": "TKCrashNilSafe/NSArray/*.{h,m}",
      "public_header_files": "TKCrashNilSafe/NSArray/*.h",
      "dependencies": {
        "TKCrashNilSafe/Core": [

        ]
      }
    },
    {
      "name": "NSAttributedString",
      "source_files": "TKCrashNilSafe/NSAttributedString/*.{h,m}",
      "public_header_files": "TKCrashNilSafe/NSAttributedString/*.h",
      "dependencies": {
        "TKCrashNilSafe/Core": [

        ]
      }
    },
    {
      "name": "NSCache",
      "source_files": "TKCrashNilSafe/NSCache/*.{h,m}",
      "public_header_files": "TKCrashNilSafe/NSCache/*.h",
      "dependencies": {
        "TKCrashNilSafe/Core": [

        ]
      }
    },
    {
      "name": "NSData",
      "source_files": "TKCrashNilSafe/NSData/*.{h,m}",
      "public_header_files": "TKCrashNilSafe/NSData/*.h",
      "dependencies": {
        "TKCrashNilSafe/Core": [

        ]
      }
    },
    {
      "name": "NSDictionary",
      "source_files": "TKCrashNilSafe/NSDictionary/*.{h,m}",
      "public_header_files": "TKCrashNilSafe/NSDictionary/*.h",
      "dependencies": {
        "TKCrashNilSafe/Core": [

        ]
      }
    },
    {
      "name": "NSJSONSerialization",
      "source_files": "TKCrashNilSafe/NSJSONSerialization/*.{h,m}",
      "public_header_files": "TKCrashNilSafe/NSJSONSerialization/*.h",
      "dependencies": {
        "TKCrashNilSafe/Core": [

        ]
      }
    },
    {
      "name": "NSSet",
      "source_files": "TKCrashNilSafe/NSSet/*.{h,m}",
      "public_header_files": "TKCrashNilSafe/NSSet/*.h",
      "dependencies": {
        "TKCrashNilSafe/Core": [

        ]
      }
    },
    {
      "name": "NSString",
      "source_files": "TKCrashNilSafe/NSString/*.{h,m}",
      "public_header_files": "TKCrashNilSafe/NSString/*.h",
      "dependencies": {
        "TKCrashNilSafe/Core": [

        ]
      }
    },
    {
      "name": "Selector",
      "source_files": "TKCrashNilSafe/Selector/*.{h,m}",
      "public_header_files": "TKCrashNilSafe/Selector/*.h",
      "dependencies": {
        "TKCrashNilSafe/Core": [

        ]
      }
    }
  ]
}
