{
  "name": "SDCycleScrollView",
  "version": "1.65",
  "summary": "简单易用的图片无限轮播器. 1.65版本修复内容：新增纯文字轮播、增加viewController在来回push时候出现的图片卡在中间的解决方案-在控制器viewWillAppear时调用adjustWhenControllerViewWillAppera",
  "homepage": "https://github.com/gsdios/SDCycleScrollView",
  "license": "MIT",
  "authors": {
    "GSD_iOS": "gsdios@126.com"
  },
  "platforms": {
    "ios": "7.0"
  },
  "source": {
    "git": "https://github.com/gsdios/SDCycleScrollView.git",
    "tag": "1.65"
  },
  "source_files": "SDCycleScrollView/Lib/SDCycleScrollView/**/*.{h,m}",
  "requires_arc": true,
  "dependencies": {
    "SDWebImage": [
      "~> 3.7"
    ]
  }
}
