{
  "name": "SDCycleScrollView",
  "version": "1.82",
  "summary": "简单易用的图片无限轮播器. 1.82版本更新内容：修复iOS14上系统自带pagecontrol显示不出来bug",
  "homepage": "https://github.com/gsdios/SDCycleScrollView",
  "license": "MIT",
  "authors": {
    "GSD_iOS": "gsdios@126.com"
  },
  "platforms": {
    "ios": "8.0"
  },
  "source": {
    "git": "https://github.com/gsdios/SDCycleScrollView.git",
    "tag": "1.82"
  },
  "source_files": "SDCycleScrollView/Lib/SDCycleScrollView/**/*.{h,m}",
  "requires_arc": true,
  "dependencies": {
    "SDWebImage": [
      ">= 5.0.0"
    ]
  }
}
