{
  "name": "SDCycleScrollView",
  "version": "1.3",
  "summary": "简单易用的图片无限轮播器",
  "homepage": "https://github.com/gsdios/SDCycleScrollView",
  "screenshots": "http://ww4.sinaimg.cn/bmiddle/9b8146edjw1esvytq7lwrg208p0fce82.gif",
  "license": "MIT",
  "authors": {
    "GSD_iOS": "gsdios@126.com"
  },
  "platforms": {
    "ios": "7.0"
  },
  "source": {
    "git": "https://github.com/gsdios/SDCycleScrollView.git",
    "tag": "1.3"
  },
  "source_files": [
    "SDCycleScrollView/Lib/SDCycleScrollView",
    "SDCycleScrollView/Lib/SDCycleScrollView/**/*.{h,m}"
  ]
}
