{
  "name": "MJRefresh",
  "version": "1.4.1",
  "summary": "The easiest way to use pull-to-refresh",
  "homepage": "https://github.com/CoderMJLee/MJRefresh",
  "license": "MIT",
  "authors": {
    "MJ Lee": "199109106@qq.com"
  },
  "platforms": {
    "ios": "6.0"
  },
  "source": {
    "git": "https://github.com/CoderMJLee/MJRefresh.git",
    "tag": "1.4.1"
  },
  "source_files": "MJRefreshExample/MJRefreshExample/MJRefresh/*.{h,m}",
  "resources": "MJRefreshExample/MJRefreshExample/MJRefresh/MJRefresh.bundle",
  "requires_arc": true
}
