{
  "name": "XFLegoVIPER",
  "version": "4.4.1",
  "license": "MIT",
  "summary": "A seamless framework for build app from MVC, MVVM, VIPER (etc.) design pattern in iOS world. (OC & Swift)",
  "homepage": "https://github.com/yizzuide/XFLegoVIPER",
  "authors": {
    "yizzuide": "fu837014586@163.com"
  },
  "source": {
    "git": "https://github.com/yizzuide/XFLegoVIPER.git",
    "tag": "4.4.1"
  },
  "requires_arc": true,
  "platforms": {
    "ios": "6.0"
  },
  "source_files": "XFLegoVIPER/**/*.{h,m}"
}
