{
  "name": "JCore",
  "version": "2.1.6",
  "summary": "Offically supported middleware iOS SDK Pod. 官方支持的极光推送 SDK 中间件.",
  "description": "Offically supported middleware iOS SDK Pod. 官方支持的极光推送 SDK 中间件.",
  "homepage": "http://www.jiguang.cn/",
  "license": {
    "type": "Copyright",
    "text": "Copyright jpush.cn"
  },
  "authors": {
    "jpush": "380108184@qq.com"
  },
  "platforms": {
    "ios": "5.0"
  },
  "source": {
    "http": "https://sdkfiledl.jiguang.cn/cocoapods/jcore/JCore-iOS-2.1.6.zip"
  },
  "vendored_libraries": "file/*.a",
  "frameworks": [
    "UIKit",
    "CFNetwork",
    "CoreFoundation",
    "CoreTelephony",
    "SystemConfiguration",
    "CoreGraphics",
    "Foundation",
    "Security"
  ],
  "weak_frameworks": [
    "UserNotifications"
  ],
  "libraries": [
    "z",
    "resolv"
  ],
  "xcconfig": {
    "VALID_ARCHS": "armv7 armv7s arm64"
  }
}
