{
  "name": "JCore",
  "version": "3.1.2-noidfa",
  "summary": "Offically supported middleware iOS SDK Pod. 官方支持的极光推送 SDK 中间件.",
  "description": "Offically supported middleware iOS SDK Pod. 官方支持的极光推送 SDK 中间件.",
  "homepage": "http://www.jiguang.cn/",
  "license": {
    "type": "Copyright",
    "text": "Copyright jpush.cn"
  },
  "authors": {
    "JPush": "support@jpush.cn"
  },
  "platforms": {
    "ios": "7.0"
  },
  "source": {
    "http": "https://sdkfiledl.jiguang.cn/cocoapods/jcore/JCore-iOS-3.1.2.2-noidfa.zip"
  },
  "vendored_libraries": "*.a",
  "frameworks": [
    "UIKit",
    "CFNetwork",
    "CoreFoundation",
    "CoreTelephony",
    "SystemConfiguration",
    "CoreGraphics",
    "Foundation",
    "WebKit",
    "Security"
  ],
  "pod_target_xcconfig": {
    "VALID_ARCHS": "x86_64 armv7 arm64"
  },
  "source_files": "*.h",
  "weak_frameworks": [
    "UserNotifications",
    "AppTrackingTransparency"
  ],
  "libraries": [
    "z",
    "resolv"
  ]
}
