{
  "name": "SDCycleScrollView",
  "version": "1.64",
  "summary": "简单易用的图片无限轮播器. 1.64版本修复内容：修复自定义图片的pagecontrol刷新图片数据时崩溃bug；设置单张图片时停止轮播；修复手动拖动图片时didScrollToIndex:代理方法返回index不准确问题",
  "homepage": "https://github.com/gsdios/SDCycleScrollView",
  "license": "MIT",
  "authors": {
    "GSD_iOS": "gsdios@126.com"
  },
  "platforms": {
    "ios": "7.0"
  },
  "source": {
    "git": "https://github.com/gsdios/SDCycleScrollView.git",
    "tag": "1.64"
  },
  "source_files": "SDCycleScrollView/Lib/SDCycleScrollView/**/*.{h,m}",
  "requires_arc": true,
  "dependencies": {
    "SDWebImage": [
      "~> 3.7"
    ]
  }
}
