{
  "name": "JSCoreKit",
  "version": "0.1.9",
  "summary": "JSCoreKit",
  "homepage": "https://github.com/jiasongs/JSCoreKit",
  "authors": {
    "jiasong": "593908937@qq.com"
  },
  "platforms": {
    "ios": "10.0"
  },
  "swift_versions": [
    "4.2",
    "5.0"
  ],
  "source": {
    "git": "https://github.com/jiasongs/JSCoreKit.git",
    "tag": "0.1.9"
  },
  "frameworks": [
    "Foundation",
    "UIKit",
    "CoreGraphics",
    "QuartzCore"
  ],
  "source_files": "Sources",
  "license": "MIT",
  "requires_arc": true,
  "subspecs": [
    {
      "name": "Core",
      "source_files": [
        "Sources/**/*.{h,m}",
        "Sources/**/**/*.{h,m}"
      ]
    }
  ],
  "swift_version": "5.0"
}
