{
  "name": "AMapSearch-NO-IDFA",
  "version": "5.1.0",
  "summary": "AMapSearchKit for iOS.",
  "description": "AMapSearch SDK for iOS by Autonavi.",
  "homepage": "http://lbs.amap.com/api/ios-sdk/summary/",
  "license": {
    "type": "Copyright",
    "text": "Copyright © 2014 AutoNavi. All Rights Reserved.\n"
  },
  "authors": "lbs.amap.com",
  "social_media_url": "http://lbsbbs.amap.com/forum.php?mod=forumdisplay&fid=38",
  "documentation_url": "http://lbs.amap.com/api/ios-sdk/reference/",
  "source": {
    "http": "http://a.amap.com/lbs/static/zip/AMap_iOS_Search_Lib_V5.1.0.zip"
  },
  "source_files": "AMapSearchKit.framework/**/*.{h}",
  "platforms": {
    "ios": "7.0"
  },
  "requires_arc": true,
  "xcconfig": {
    "ARCHS": "$(ARCHS_STANDARD)"
  },
  "public_header_files": "AMapSearchKit.framework/Headers/*.h",
  "vendored_frameworks": "AMapSearchKit.framework",
  "frameworks": [
    "SystemConfiguration",
    "CoreTelephony",
    "Security"
  ],
  "libraries": "z",
  "dependencies": {
    "AMapFoundation-NO-IDFA": [
      "~>1.2"
    ]
  }
}
