{
  "name": "SDCycleScrollView",
  "version": "1.6",
  "summary": "简单易用的图片无限轮播器.1.6版本升级内容：0.图片管理使用SDWebImage；1.优化内存，提升性能；2.添加图片contentmode接口；3.block监听点击接口；4.滚动到某张图片监听；5.增加自定义图片pageControl接口；6.其他等等。",
  "homepage": "https://github.com/gsdios/SDCycleScrollView",
  "license": "MIT",
  "authors": {
    "GSD_iOS": "gsdios@126.com"
  },
  "platforms": {
    "ios": "7.0"
  },
  "source": {
    "git": "https://github.com/gsdios/SDCycleScrollView.git",
    "tag": "1.6"
  },
  "source_files": "SDCycleScrollView/Lib/SDCycleScrollView/**/*.{h,m}",
  "requires_arc": true,
  "dependencies": {
    "SDWebImage": [
      "~> 3.7"
    ]
  }
}
