{
  "name": "KZSmallVideoRecorder",
  "version": "1.0.5",
  "summary": "仿微信小视频的录制 Objective-C 版",
  "homepage": "https://github.com/houkangzhu/KZWeChatSmallVideo-OC",
  "license": "MIT",
  "authors": {
    "houkangzhu": "houkangzhu@hotmail.com"
  },
  "platforms": {
    "ios": "7.0"
  },
  "source": {
    "git": "https://github.com/houkangzhu/KZWeChatSmallVideo-OC.git",
    "tag": "v1.0.5"
  },
  "source_files": "KZSmallVideoRecorder/*.{h,m}",
  "ios": {
    "frameworks": [
      "UIKit",
      "Photos",
      "AVFoundation",
      "CoreGraphics"
    ]
  },
  "requires_arc": true
}
