{
  "name": "AMapSearch",
  "version": "3.0.0",
  "summary": "AMapSearchKit for iOS.",
  "description": "AMapSearch SDK for iOS by Autonavi.",
  "homepage": "http://lbs.amap.com/api/ios-sdk/summary/",
  "license": {
    "type": "Copyright",
    "text": "Copyright © 2014 AutoNavi. All Rights Reserved.\n"
  },
  "authors": "lbs.amap.com",
  "social_media_url": "http://lbsbbs.amap.com/forum.php?mod=forumdisplay&fid=38",
  "docset_url": "http://lbs.amap.com/api/ios-sdk/reference/",
  "source": {
    "http": "http://cache.amap.com/lbs/sdk/AMap_iOS_API_Search_Lib_V3.0.0.zip"
  },
  "platforms": {
    "ios": null
  },
  "requires_arc": true,
  "xcconfig": {
    "OTHER_LDFLAGS": "-ObjC",
    "ARCHS": "$(ARCHS_STANDARD)"
  },
  "public_header_files": "AMapSearchKit.framework/Headers/*.h",
  "vendored_frameworks": "AMapSearchKit.framework",
  "frameworks": [
    "SystemConfiguration",
    "CoreTelephony",
    "Security"
  ],
  "libraries": "z"
}
