{
  "name": "jdjCore",
  "version": "0.0.3",
  "summary": "Summary description",
  "description": "The mobrand SDK is available as an Android Archive via our maven repository. To add the mobrand-sdk dependency, open your project's build.gradle and update the repositories and dependencies blocks as followsThe mobrand SDK is available as an Android Archive via our maven repository. To add the mobrand-sdk dependency, open your project's build.gradle and update the repositories and dependencies blocks as follows",
  "homepage": "https://github.com/mobrandtech",
  "license": {
    "type": "MIT",
    "file": "LICENSE"
  },
  "authors": {
    "Mobrand Team": "support@mobrand.com"
  },
  "social_media_url": "https://www.facebook.com/olamobi/",
  "platforms": {
    "ios": "8.1"
  },
  "source": {
    "git": "https://github.com/jdira/Test.git",
    "tag": "0.0.3"
  },
  "frameworks": "MobrandCore",
  "vendored_frameworks": "MobrandCore.framework",
  "requires_arc": true
}
