{
  "name": "UINavigation-SXFixSpace",
  "version": "1.2.3",
  "summary": "导航栏按钮位置偏移的解决方案.",
  "description": "导航栏按钮位置偏移的解决方案,支持iOS7~iOS13,可自定义间距",
  "homepage": "https://github.com/spicyShrimp/UINavigation-SXFixSpace",
  "license": {
    "type": "MIT",
    "file": "LICENSE"
  },
  "authors": {
    "charles": "78268731@qq.com"
  },
  "social_media_url": "https://github.com/spicyShrimp",
  "source": {
    "git": "https://github.com/spicyShrimp/UINavigation-SXFixSpace.git",
    "tag": "1.2.3"
  },
  "source_files": "UINavigation-SXFixSpace/*.{h,m}",
  "platforms": {
    "ios": "7.0"
  },
  "requires_arc": true
}
