{
  "name": "UINavigation-SXFixSpace",
  "version": "1.1.3",
  "summary": "新的导航栏按钮位置偏移的解决方案.",
  "description": "新的导航栏按钮位置偏移的解决方案,兼容iOS11,可自定义间距,同时兼容性更好.",
  "homepage": "https://github.com/spicyShrimp/UINavigation-SXFixSpace",
  "license": {
    "type": "MIT",
    "file": "LICENSE"
  },
  "authors": {
    "charles": "78268731@qq.com"
  },
  "social_media_url": "https://github.com/spicyShrimp",
  "source": {
    "git": "https://github.com/spicyShrimp/UINavigation-SXFixSpace.git",
    "tag": "1.1.3"
  },
  "source_files": "UINavigation-SXFixSpace/*.{h,m}",
  "platforms": {
    "ios": "7.0"
  },
  "requires_arc": true
}
