{
  "name": "JCore",
  "version": "1.1.2",
  "summary": "Offically supported middleware iOS SDK Pod. 官方支持的极光推送 SDK 中间件.",
  "description": "Offically supported middleware iOS SDK Pod. 官方支持的极光推送 SDK 中间件.",
  "homepage": "http://www.jiguang.cn/",
  "license": {
    "type": "Copyright",
    "text": "Copyright jpush.cn"
  },
  "authors": {
    "jpush": "380108184@qq.com"
  },
  "platforms": {
    "ios": "5.0"
  },
  "source": {
    "http": "https://sdkfiledl.jiguang.cn/cocoapods/jcore/JCore-iOS-1.1.2.1.zip"
  },
  "vendored_libraries": "*.a",
  "frameworks": [
    "UIKit",
    "CFNetwork",
    "CoreFoundation",
    "CoreTelephony",
    "SystemConfiguration",
    "CoreGraphics",
    "Foundation",
    "Security"
  ],
  "weak_frameworks": [
    "UserNotifications"
  ],
  "libraries": [
    "z",
    "resolv"
  ]
}
