{
  "name": "SDCycleScrollView",
  "version": "1.62",
  "summary": "简单易用的图片无限轮播器. 1.62版本升级内容：增加垂直滚动接口；修复部分bug",
  "homepage": "https://github.com/gsdios/SDCycleScrollView",
  "license": "MIT",
  "authors": {
    "GSD_iOS": "gsdios@126.com"
  },
  "platforms": {
    "ios": "7.0"
  },
  "source": {
    "git": "https://github.com/gsdios/SDCycleScrollView.git",
    "tag": "1.62"
  },
  "source_files": "SDCycleScrollView/Lib/SDCycleScrollView/**/*.{h,m}",
  "requires_arc": true,
  "dependencies": {
    "SDWebImage": [
      "~> 3.7"
    ]
  }
}
