{
  "name": "JSCoreBridge",
  "version": "0.1.0",
  "summary": "A hybird development framework on iOS platform.",
  "description": "A hybird development framework modified from Apache Cordova.",
  "documentation_url": "https://github.com/iPhuan/JSCoreBridge",
  "homepage": "https://github.com/iPhuan/JSCoreBridge.git",
  "license": {
    "type": "MIT",
    "file": "LICENSE"
  },
  "authors": {
    "iPhuan": "iphuan@qq.com"
  },
  "platforms": {
    "ios": "8.0"
  },
  "source": {
    "git": "https://github.com/iPhuan/JSCoreBridge.git",
    "tag": "0.1.0"
  },
  "requires_arc": true,
  "subspecs": [
    {
      "name": "Optional",
      "source_files": "JSCoreBridge/Optional/**/*.{h,m}",
      "preserve_paths": "JSCoreBridge/Optional/config.xml",
      "requires_arc": true,
      "dependencies": {
        "JSCoreBridge/JSCoreBridgeLite": [

        ]
      }
    },
    {
      "name": "JSCoreBridgeLite",
      "source_files": "JSCoreBridge/JSCoreBridgeLite/**/*.{h,m}",
      "resources": "JSCoreBridge/JSCoreBridgeLite/JS/jscorebridge.js",
      "requires_arc": true,
      "frameworks": [
        "Foundation",
        "UIKit",
        "JavaScriptCore"
      ]
    }
  ]
}
